1,Black Gradient Square
2,Checkered Top Square
3,Checkered Outer Corner Square
4,Checkered Inner Corner Square
5,Checkered Inner Square
6,Checkered Top Pillar Square
7,Checkered Pillar Square
8,Black Gradient Spike
10,Blue Gravity Portal
11,Yellow Gravity Portal
12,Cube Portal
13,Ship Portal
15,Tall Rod
16,Medium Rod
17,Short Rod
18,Large Decorative Spikes
19,Medium Decorative Spikes
20,Small Decorative Spikes
21,Very Small Decorative Spikes
22,No Enter Effect
23,Fade Bottom Enter Effect
24,Fade Top Enter Effect
25,Fade Left Enter Effect
26,Fade Right Enter Effect
27,Small to Big Enter Effect
28,Big to Small Enter Effect
31,Start Position
32,Enable Ghost Trail
33,Disable Ghost Trail
35,Yellow Jump Pad
36,Yellow Jump Orb
39,Half Black Gradient Spike
41,Tall Chain
45,Orange Mirror Portal
46,Blue Mirror Portal
47,Ball Portal
48,Large Fading Cloud
49,Small Fading Cloud
50,Pulsing Ball
51,Pulsing Hollow Ball
52,Pulsing Heart
53,Pulsing Diamond
54,Pulsing Star
55,Chaotic Enter Effect
56,Halve Left Enter Effect
57,Halve Right Enter Effect
58,Halve Enter Effect
59,Inverse Halve Enter Effect
60,Pulsing Music Note
62,Wavy Black Slab
63,Wavy Black Slab Outer Corner
64,Wavy Black Slab Inner Corner
65,Wavy Black Slab Right Edge
66,Wavy Black Slab Left Edge
67,Blue Gravity Pad
68,Wavy Black Slab Singular
69,Cross Black Square
70,Cross Black Top Square
71,Cross Black Outer Corner Square
72,Cross Black Inner Corner Square
73,Cross Black Inner Square
74,Cross Black Top Pillar Square
75,Cross Black Pillar Square
76,Mechanical Square
77,Mechanical Top Square
78,Mechanical Outer Corner Square
80,Mechanical Inner Square
81,Mechanical Top Pillar Square
82,Mechanical Pillar Square
83,Tiled Square
84,Blue Gravity Orb
85,Large Cogwheel
86,Medium Cogwheel
87,Small Cogwheel
90,Black Square
91,Black Top Square
92,Black Outer Corner Square
93,Black Inner Corner Square
94,Black Inner Square
95,Black Top Pillar Square
96,Black Pillar Square
97,Very Small Cogwheel
99,Green Size Portal
101,Pink Size Portal
103,Small Black Gradient Spike
106,Large Wide Chain
107,Small Wide Chain
110,Small Chain
111,UFO Portal
113,Large Decorative Bricks
114,Medium Decorative Bricks
115,Small Decorative Bricks
116,Brick Square
117,Brick Top Square
118,Brick Outer Corner Square
119,Brick Inner Corner Square
120,Brick Inner Square
121,Brick Top Pillar Square
122,Brick Pillar Square
123,Thorn 1
124,Thorn 2
125,Thorn 3
126,Thorn 4
127,Thorn 5
128,Thorn 6
129,Medium Cloud
130,Large Cloud
131,Small Cloud
132,Pulsing Arrow
133,Pulsing Exclamation Point
134,Small Diamond Rod
135,Thorn Black Pit Hazard
136,Pulsing Question Mark
137,Large Wheel
138,Medium Wheel
139,Small Wheel
140,Pink Jump Pad
141,Pink Jump Orb
143,Breakable Brick
144,Invisible Spike
145,Small Invisible Spike
146,Invisible Square
147,Invisible Plank
148,Pulsing Square
149,Pulsing Triangle
150,Pulsing Cross
151,Tall Spike Rod
152,Medium Spike Rod
153,Small Spike Rod
154,Large Spike Wheel
155,Medium Spike Wheel
156,Small Spike Wheel
157,Wavy Decoration
158,Wavy Decoration Left Edge
159,Wavy Decoration Right Edge
170,Electric Layered Plank
171,Electric Layered Plank Edge 1
172,Electric Layered Plank Edge 2
173,Electric Layered Corner Square
174,Electric Layered Plank Edge 3
175,Electric Layered Square
176,Electric Layered Tiny Square
177,Ice Spike
178,Half Ice Spike
179,Small Ice Spike
180,Large Cartwheel
181,Medium Cartwheel
182,Small Cartwheel
183,Large Blade
184,Medium Blade
185,Small Blade
186,Large Outline Sawblade
187,Medium Outline Sawblade
188,Small Outline Sawblade
190,Tall Diamond Rod
192,Electric Layered Plank Singular
194,Electric Layered Inner Square 
197,Electric Layered Plank Edge 4
200,Slow Speed Boost
201,Normal Speed Boost
202,Double Speed Boost
203,Triple Speed Boost
204,Invisible Small Plank
205,Invisible Half Spike
206,Invisible Small Square
207,Colored Square
208,Colored Top Square
209,Colored Inner Corner Square
210,Colored Outer Corner Square
211,Colored Inner Square
212,Colored Top Pillar Square
213,Colored Pillar Square
215,Colored Plank
216,Colored Spike
217,Colored Half Spike
218,Colored Small Spike
219,Colored Small Plank
220,Colored Small Square
222,Large Round Cloud
223,Medium Round Cloud
224,Small Round Cloud
225,Swirve
226,Corner Swirve
227,Bar
228,Inner Corner Bar
229,Full Bar
230,Outer Corner Bar
231,Small Bar
232,Small Outer Corner Bar
233,Decorative Light Bricks
234,Decorative Light Bricks Plank
235,Decorative Light Brick Edge
236,Large Pulsing Circle
237,Duo-Link
238,Corner Duo-Link
239,Three Point Link
240,Four Point Link
241,Single Point Link
242,Inner Corner Bar
245,Decorative Black Bricks
246,Decorative Black Brick Edge
255,Cross Colored Square
256,Cross Colored Top Square
257,Cross Colored Outer Corner Square
258,Cross Colored Inner Corner Square
259,Cross Colored Inner Square
260,Cross Colored Top Pillar Square
261,Cross Colored Pillar Square
263,Mechanical Colored Square
264,Mechanical Colored Top Square
265,Mechanical Colored Outer Corner Square
266,Mechanical Colored Inner Square
267,Mechanical Colored Top Pillar Square
268,Mechanical Colored Pillar Square
269,Brick Colored Square
270,Brick Colored Top Square
271,Brick Colored Outer Corner Square
272,Brick Colored Inner Corner Square
273,Brick Colored Inner Square
274,Brick Colored Top Pillar Square
275,Brick Colored Pillar Square
277,Decorative Colored Bricks
278,Decorative Colored Brick Edge
279,Transparent Colored Square
280,Transparent Colored Grid Square
281,Transparent Colored Mechanical Square
282,Transparent Colored Cross Square
283,Three Point Bar
284,Four Point Bar
285,Single Point Bar
286,Dual Portal
287,Exit Dual Portal
294,
295,
296,
297,
305,
307,
324,
325,
326,
327,
328,
329,
349,
351,
358,
371,
372,
373,
374,
375,
376,
377,
378,
392,
394,
395,
396,
405,
406,
407,
408,
409,
410,
411,
412,
413,
414,
419,
420,
448,
449,
450,
451,
452,
453,
454,
455,
456,
457,
458,
459,
460,
467,
468,
469,
470,
471,
472,
473,
474,
475,
476,
477,
478,
479,
480,
481,
482,
485,
486,
487,
488,
489,
490,
491,
494,
495,
496,
497,
498,
499,
500,
501,
502,
503,
504,
505,
506,
507,
508,
509,
510,
511,
512,
513,
514,
515,
516,
517,
518,
519,
520,
521,
522,
523,
524,
525,
526,
527,
528,
529,
530,
531,
532,
533,
534,
535,
536,
537,
538,
539,
540,
541,
542,
543,
544,
545,
546,
547,
548,
549,
550,
551,
552,
553,
554,
555,
556,
557,
558,
559,
560,
561,
562,
563,
564,
565,
566,
567,
568,
569,
570,
571,
572,
573,
574,
575,
576,
577,
578,
579,
580,
581,
582,
583,
584,
585,
586,
587,
588,
589,
590,
591,
592,
593,
594,
595,
596,
597,
598,
599,
600,
601,
602,
603,
604,
605,
606,
607,
608,
609,
610,
611,
612,
613,
614,
615,
616,
617,
618,
619,
620,
621,
622,
623,
624,
625,
626,
627,
628,
629,
630,
631,
632,
633,
634,
635,
636,
637,
638,
639,
640,
641,
642,
643,
644,
645,
646,
647,
648,
649,
650,
653,
654,
655,
656,
657,
658,
659,
660,
661,
662,
663,
664,
668,
669,
670,
671,
672,
673,
674,
678,
679,
680,
681,
682,
683,
684,
685,
686,
687,
688,
689,
690,
691,
692,
693,
694,
695,
696,
697,
698,
699,
700,
701,
702,
703,
704,
705,
706,
707,
708,
713,
714,
715,
716,
719,
721,
722,
723,
724,
730,
731,
732,
733,
734,
735,
736,
738,
739,
740,
741,
742,
745,
747,
752,
753,
754,
755,
756,
757,
758,
759,
762,
763,
764,
765,
766,
767,
769,
770,
771,
772,
773,
774,
775,
807,
808,
809,
810,
811,
812,
813,
814,
815,
816,
817,
818,
819,
820,
821,
822,
823,
824,
825,
826,
827,
828,
829,
830,
831,
832,
833,
841,
842,
843,
844,
845,
846,
847,
848,
850,
853,
854,
855,
856,
857,
859,
861,
862,
863,
867,
868,
869,
870,
871,
872,
873,
874,
877,
878,
880,
881,
882,
883,
884,
885,
888,
889,
890,
891,
893,
894,
895,
896,
899,
901,
902,
903,
904,
905,
906,
907,
908,
909,
910,
911,
914,
916,
917,
918,
919,
920,
921,
923,
924,
925,
926,
927,
928,
929,
930,
931,
932,
933,
934,
935,
936,
937,
938,
939,
940,
941,
942,
943,
944,
945,
946,
947,
948,
949,
950,
951,
952,
953,
954,
955,
956,
957,
958,
959,
960,
961,
964,
965,
966,
967,
968,
969,
970,
971,
972,
973,
974,
975,
976,
977,
980,
981,
982,
983,
984,
985,
986,
987,
988,
990,
992,
997,
998,
999,
1000,
1001,
1002,
1003,
1004,
1005,
1006,
1007,
1009,
1010,
1011,
1012,
1013,
1014,
1015,
1016,
1017,
1018,
1019,
1020,
1021,
1022,
1024,
1025,
1026,
1027,
1028,
1029,
1030,
1031,
1032,
1033,
1034,
1035,
1036,
1037,
1038,
1039,
1040,
1041,
1042,
1043,
1044,
1045,
1046,
1047,
1048,
1049,
1050,
1051,
1052,
1053,
1054,
1055,
1056,
1057,
1058,
1059,
1060,
1061,
1062,
1063,
1064,
1065,
1066,
1067,
1068,
1069,
1070,
1071,
1075,
1076,
1077,
1078,
1079,
1080,
1081,
1082,
1083,
1084,
1085,
1086,
1087,
1088,
1089,
1090,
1091,
1092,
1093,
1094,
1095,
1096,
1097,
1098,
1099,
1100,
1101,
1102,
1103,
1104,
1105,
1106,
1107,
1108,
1109,
1110,
1111,
1112,
1113,
1114,
1115,
1116,
1117,
1118,
1120,
1122,
1123,
1124,
1125,
1126,
1127,
1132,
1133,
1134,
1135,
1136,
1137,
1138,
1139,
1140,
1141,
1142,
1143,
1144,
1145,
1146,
1147,
1148,
1149,
1150,
1151,
1152,
1153,
1154,
1155,
1156,
1157,
1158,
1159,
1160,
1161,
1162,
1163,
1164,
1165,
1166,
1167,
1168,
1169,
1170,
1171,
1172,
1173,
1174,
1175,
1176,
1177,
1178,
1179,
1180,
1181,
1182,
1183,
1184,
1185,
1186,
1187,
1188,
1189,
1190,
1191,
1192,
1193,
1194,
1195,
1196,
1197,
1198,
1199,
1200,
1201,
1202,
1203,
1204,
1205,
1206,
1207,
1208,
1209,
1210,
1220,
1221,
1222,
1223,
1224,
1225,
1226,
1227,
1228,
1229,
1230,
1231,
1232,
1233,
1234,
1235,
1236,
1237,
1238,
1239,
1240,
1241,
1242,
1243,
1244,
1245,
1246,
1247,
1248,
1249,
1250,
1251,
1252,
1253,
1254,
1255,
1256,
1257,
1258,
1259,
1260,
1261,
1262,
1263,
1264,
1265,
1266,
1267,
1268,
1269,
1270,
1271,
1272,
1273,
1274,
1275,
1276,
1277,
1278,
1279,
1280,
1281,
1282,
1283,
1284,
1285,
1286,
1287,
1288,
1289,
1290,
1291,
1292,
1293,
1294,
1295,
1296,
1297,
1298,
1299,
1300,
1301,
1302,
1303,
1304,
1305,
1306,
1307,
1308,
1309,
1310,
1311,
1312,
1313,
1314,
1315,
1316,
1317,
1318,
1319,
1320,
1322,
1325,
1326,
1327,
1328,
1329,
1330,
1331,
1332,
1333,
1334,
1338,
1339,
1340,
1341,
1342,
1343,
1344,
1345,
1346,
1347,
1348,
1349,
1350,
1351,
1352,
1353,
1354,
1355,
1356,
1357,
1358,
1359,
1360,
1361,
1362,
1363,
1364,
1365,
1366,
1367,
1368,
1369,
1370,
1371,
1372,
1373,
1374,
1375,
1376,
1377,
1378,
1379,
1380,
1381,
1382,
1383,
1384,
1385,
1386,
1387,
1388,
1389,
1390,
1391,
1392,
1393,
1394,
1395,
1431,
1432,
1433,
1434,
1435,
1436,
1437,
1438,
1439,
1440,
1441,
1442,
1443,
1444,
1445,
1446,
1447,
1448,
1449,
1450,
1451,
1452,
1453,
1454,
1455,
1456,
1457,
1458,
1459,
1460,
1461,
1462,
1463,
1464,
1471,
1472,
1473,
1496,
1507,
1510,
1511,
1512,
1513,
1514,
1515,
1516,
1517,
1518,
1519,
1520,
1521,
1522,
1523,
1524,
1525,
1526,
1527,
1528,
1529,
1530,
1531,
1532,
1533,
1534,
1535,
1536,
1537,
1538,
1539,
1540,
1552,
1553,
1554,
1555,
1556,
1557,
1558,
1559,
1560,
1582,
1583,
1584,
1585,
1586,
1587,
1588,
1589,
1590,
1591,
1592,
1593,
1594,
1595,
1596,
1597,
1598,
1599,
1600,
1601,
1602,
1603,
1604,
1605,
1606,
1607,
1608,
1609,
1610,
1611,
1612,
1613,
1614,
1615,
1616,
1617,
1618,
1619,
1620,
1621,
1622,
1623,
1624,
1625,
1626,
1627,
1628,
1629,
1630,
1631,
1632,
1633,
1634,
1635,
1636,
1637,
1638,
1639,
1640,
1641,
1642,
1643,
1644,
1645,
1646,
1647,
1648,
1649,
1650,
1651,
1652,
1653,
1654,
1655,
1656,
1657,
1658,
1659,
1660,
1661,
1662,
1663,
1664,
1665,
1666,
1667,
1668,
1669,
1670,
1671,
1672,
1673,
1674,
1675,
1676,
1677,
1678,
1679,
1680,
1681,
1682,
1683,
1684,
1685,
1686,
1687,
1688,
1689,
1690,
1691,
1692,
1693,
1694,
1695,
1696,
1697,
1698,
1699,
1700,
1701,
1702,
1703,
1704,
1705,
1706,
1707,
1708,
1709,
1710,
1711,
1712,
1713,
1714,
1715,
1716,
1717,
1718,
1719,
1720,
1721,
1722,
1723,
1724,
1725,
1726,
1727,
1728,
1729,
1730,
1731,
1732,
1733,
1734,
1735,
1736,
1737,
1738,
1739,
1740,
1741,
1742,
1743,
1744,
1745,
1746,
1747,
1748,
1749,
1750,
1751,
1752,
1753,
1754,
1755,
1756,
1757,
1758,
1759,
1760,
1761,
1762,
1763,
1764,
1765,
1766,
1767,
1768,
1769,
1770,
1771,
1772,
1773,
1774,
1775,
1776,
1777,
1778,
1779,
1780,
1781,
1782,
1783,
1784,
1785,
1786,
1787,
1788,
1789,
1790,
1791,
1792,
1793,
1794,
1795,
1796,
1797,
1798,
1799,
1800,
1801,
1802,
1803,
1804,
1805,
1806,
1807,
1808,
1809,
1810,
1811,
1812,
1813,
1814,
1815,
1816,
1817,
1818,
1819,
1820,
1821,
1823,
1824,
1825,
1826,
1827,
1828,
1829,
1830,
1831,
1832,
1833,
1834,
1835,
1836,
1837,
1838,
1839,
1840,
1841,
1842,
1843,
1844,
1845,
1846,
1847,
1848,
1849,
1850,
1851,
1852,
1853,
1854,
1855,
1856,
1857,
1858,
1859,
1860,
1861,
1862,
1863,
1864,
1865,
1866,
1867,
1868,
1869,
1870,
1871,
1872,
1873,
1874,
1875,
1876,
1877,
1878,
1879,
1880,
1881,
1882,
1883,
1884,
1885,
1886,
1887,
1888,
1889,
1890,
1891,
1892,
1893,
1894,
1895,
1896,
1897,
1898,
1899,
1900,
1901,
1902,
1903,
1904,
1905,
1906,
1907,
1908,
1909,
1910,
1911,
1912,
1913,
1914,
1915,
1916,
1917,
1919,
1920,
1921,
1922,
1923,
1924,
1925,
1926,
1927,
1928,
1932,
1933,
1934,
1935,
1936,
1937,
1938,
1939,
2012,
2015,
2016,
2020,
2021,
2022,
2023,
2024,
2025,
2026,
2027,
2028,
2029,
2030,
2031,
2032,
2033,
2034,
2035,
2036,
2037,
2038,
2039,
2040,
2041,
2042,
2043,
2044,
2045,
2046,
2047,
2048,
2049,
2050,
2051,
2052,
2053,
2054,
2055,
2062,
2063,
2064,
2065,
2066,
2067,
2068,
2069,
2070,Pixel B 3 - 1
2071,Pixel B 3 - 2
2072,Pixel B 3 - 3
2073,Pixel B 3 - 4
2074,Pixel B 3 - 5
2075,Pixel B 3 - 6
2076,Pixel B 3 - 7
2077,Pixel B 3 - 8
2078,Pixel B 2 - 1
2079,Pixel B 2 - 2
2080,Pixel B 2 - 3
2081,Pixel B 2 - 4
2082,Pixel B 2 - 5
2083,Pixel B 1 - 1
2084,Pixel B 1 - 2
2085,Pixel B 1 - 3
2086,Pixel B 1 - 4
2087,Pixel B 1 - 5
2088,Pixel B 1 - 6
2089,Pixel Art 611
2090,Pixel B 3 - 9
2091,Pixel B 3 - 10
2092,Pixel Art 661
2093,Pixel B 2 - 6
2094,Pixel B 2 - 7
2095,Pixel B 2 - 8
2096,Pixel B 2 - 9
2097,Pixel B 2 - 10
2098,Pixel Art 1
2099,Pixel Art 2
2100,Pixel Art 3
2101,Pixel Art 4
2102,Pixel Art 5
2103,Pixel Art 6
2104,Pixel Art 7
2105,Pixel Art 8
2106,Pixel Art 9
2107,Pixel Art 10
2108,Pixel Art 11
2109,Pixel Art 12
2110,Pixel Art 13
2111,Pixel Art 14
2112,Pixel Art 15
2113,Pixel Art 16
2114,Pixel Art 17
2115,Pixel Art 18
2116,Pixel Art 19
2117,Pixel Art 20
2118,Pixel Art 21
2119,Pixel Art 22
2120,Pixel B 2 - 11
2121,Pixel B 2 - 12
2122,Pixel Art 23
2123,Pixel Art 24
2124,Pixel Art 25
2125,Pixel Art 24 B
2126,Pixel Art 26
2127,Pixel Art 27
2128,Pixel Art 28
2129,Pixel Art 29
2130,Pixel Art 30
2131,Pixel Art 31
2132,Pixel Art 32
2133,Pixel Art 33
2134,Pixel Art 34
2135,Pixel Art 35
2136,Pixel Art 36
2137,Pixel Art 37
2138,Pixel Art 38
2139,Pixel Art 39
2140,Pixel Art 40
2141,Pixel Art 41
2142,Pixel Art 42
2143,Pixel Art 43
2144,Pixel Art 44
2145,Pixel Art 45
2146,Pixel Art 46
2147,Pixel Art 47
2148,Pixel Art 48
2149,Pixel Art 49
2150,Pixel Art 50
2151,Pixel Art 51
2152,Pixel Art 52
2153,Pixel Art 53
2154,Pixel Art 54
2155,Pixel Art 55
2156,Pixel Art 56
2157,Pixel Art 57
2158,Pixel Art 58
2159,Pixel Art 59
2160,Pixel Art 60
2161,Pixel Art 61
2162,Pixel Art 62
2163,Pixel Art 63
2164,Pixel Art 64
2165,Pixel Art 65
2166,Pixel Art 66
2167,Pixel Art 67
2168,Pixel Art 68
2169,Pixel Art 69
2170,Pixel Art 70
2171,Pixel Art 71
2172,Pixel Art 72
2173,Pixel Art 73
2174,Pixel Art 74
2175,Pixel Art 75
2176,Pixel Art 76
2177,Pixel Art 77
2178,Pixel Art 78
2179,Pixel Art 79
2180,Pixel Art 80
2181,Pixel Art 81
2182,Pixel Art 82
2183,Pixel Art 83
2184,Pixel Art 84
2185,Pixel Art 85
2186,Pixel Art 86
2187,Pixel Art 87
2188,Pixel Art 88
2189,Pixel Art 89
2190,Pixel Art 90
2191,Pixel Art 91
2192,Pixel Art 92
2193,Pixel Art 93
2194,Pixel Art 94
2195,Pixel Art 95
2196,Pixel Art 96
2197,Pixel Art 97
2198,Pixel Art 98
2199,Pixel Art 99
2200,Pixel Art 100
2201,Pixel Art 101
2202,Pixel Art 102
2203,Pixel Art 103
2204,Pixel Art 104
2205,Pixel Art 105
2206,Pixel Art 106
2207,Pixel Art 107
2208,Pixel Art 108
2209,Pixel Art 109
2210,Pixel Art 110
2211,Pixel Art 111
2212,Pixel Art 112
2213,Pixel Art 113
2214,Pixel Art 114
2215,Pixel Art 115
2216,Pixel Art 116
2217,Pixel Art 117
2218,Pixel Art 118
2219,Pixel Art 119
2220,Pixel Art 120
2221,Pixel Art 121
2222,Pixel Art 122
2223,Pixel Art 123
2224,Pixel Art 124
2225,Pixel Art 125
2226,Pixel Art 126
2227,Pixel Art 127
2228,Pixel Art 128
2229,Pixel Art 129
2230,Pixel Art 130
2231,Pixel Art 131
2232,Pixel Art 132
2233,Pixel Art 133
2234,Pixel Art 134
2235,Pixel Art 135
2236,Pixel Art 136
2237,Pixel Art 137
2238,Pixel Art 138
2239,Pixel Art 139
2240,Pixel Art 140
2241,Pixel Art 141
2242,Pixel Art 142
2243,Pixel Art 143
2244,Pixel Art 144
2245,Pixel Art 145
2246,Pixel Art 146
2247,Pixel Art 147
2248,Pixel Art 148
2249,Pixel Art 149
2250,Pixel Art 150
2251,Pixel Art 151
2252,Pixel Art 152
2253,Pixel Art 153
2254,Pixel Art 154
2255,Pixel Art 155
2256,Pixel Art 156
2257,Pixel Art 157
2258,Pixel Art 158
2259,Pixel Art 159
2260,Pixel Art 160
2261,Pixel Art 161
2262,Pixel Art 162
2263,Pixel Art 163
2264,Pixel Art 164
2265,Pixel Art 165
2266,Pixel Art 166
2267,Pixel Art 167
2268,Pixel Art 168
2269,Pixel Art 169
2270,Pixel Art 170
2271,Pixel Art 171
2272,Pixel Art 172
2273,Pixel Art 173
2274,Pixel Art 174
2275,Pixel Art 175
2276,Pixel Art 176
2277,Pixel Art 177
2278,Pixel Art 178
2279,Pixel Art 179
2280,Pixel Art 180
2281,Pixel Art 181
2282,Pixel Art 182
2283,Pixel Art 183
2284,Pixel Art 184
2285,Pixel Art 185
2286,Pixel Art 186
2287,Pixel Art 187
2288,Pixel Art 188
2289,Pixel Art 189
2290,Pixel Art 190
2291,Pixel Art 191
2292,Pixel Art 192
2293,Pixel Art 193
2294,Pixel Art 194
2295,Pixel Art 195
2296,Pixel Art 196
2297,Pixel Art 197
2298,Pixel Art 198
2299,Pixel Art 199
2300,Pixel Art 200
2301,Pixel Art 201
2302,Pixel Art 202
2303,Pixel Art 203
2304,Pixel Art 204
2305,Pixel Art 205
2306,Pixel Art 206
2307,Pixel Art 207
2308,Pixel Art 208
2309,Pixel Art 209
2310,Pixel Art 210
2311,Pixel Art 211
2312,Pixel Art 212
2313,Pixel Art 213
2314,Pixel Art 214
2315,Pixel Art 215
2316,Pixel Art 216
2317,Pixel Art 217
2318,Pixel Art 218
2319,Pixel Art 219
2320,Pixel Art 220
2321,Pixel Art 221
2322,Pixel Art 222
2323,Pixel Art 223
2324,Pixel Art 224
2325,Pixel Art 225
2326,Pixel Art 226
2327,Pixel Art 227
2328,Pixel Art 228
2329,Pixel Art 229
2330,Pixel Art 230
2331,Pixel Art 231
2332,Pixel Art 232
2333,Pixel Art 233
2334,Pixel Art 234
2335,Pixel Art 235
2336,Pixel Art 236
2337,Pixel Art 237
2338,Pixel Art 238
2339,Pixel Art 239
2340,Pixel Art 240
2341,Pixel Art 241
2342,Pixel Art 242
2343,Pixel Art 243
2344,Pixel Art 244
2345,Pixel Art 245
2346,Pixel Art 246
2347,Pixel Art 247
2348,Pixel Art 248
2349,Pixel Art 249
2350,Pixel Art 250
2351,Pixel Art 251
2352,Pixel Art 252
2353,Pixel Art 253
2354,Pixel Art 254
2355,Pixel Art 255
2356,Pixel Art 256
2357,Pixel Art 257
2358,Pixel Art 258
2359,Pixel Art 259
2360,Pixel Art 260
2361,Pixel Art 261
2362,Pixel Art 262
2363,Pixel Art 263
2364,Pixel Art 264
2365,Pixel Art 265
2366,Pixel Art 266
2367,Pixel Art 267
2368,Pixel Art 268
2369,Pixel Art 269
2370,Pixel Art 270
2371,Pixel Art 271
2372,Pixel Art 272
2373,Pixel Art 273
2374,Pixel Art 274
2375,Pixel Art 275
2376,Pixel Art 276
2377,Pixel Art 277
2378,Pixel Art 278
2379,Pixel Art 279
2380,Pixel Art 280
2381,Pixel Art 281
2382,Pixel Art 282
2383,Pixel Art 283
2384,Pixel Art 284
2385,Pixel Art 285
2386,Pixel Art 286
2387,Pixel Art 287
2388,Pixel Art 288
2389,Pixel Art 289
2390,Pixel Art 290
2391,Pixel Art 291
2392,Pixel Art 292
2393,Pixel Art 293
2394,Pixel Art 294
2395,Pixel Art 295
2396,Pixel Art 296
2397,Pixel Art 297
2398,Pixel Art 298
2399,Pixel Art 299
2400,Pixel Art 300
2401,Pixel Art 301
2402,Pixel Art 302
2403,Pixel Art 303
2404,Pixel Art 304
2405,Pixel Art 305
2406,Pixel Art 306
2407,Pixel Art 307
2408,Pixel Art 308
2409,Pixel Art 309
2410,Pixel Art 310
2411,Pixel Art 311
2412,Pixel Art 312
2413,Pixel Art 313
2414,Pixel Art 314
2415,Pixel Art 315
2416,Pixel Art 316
2417,Pixel Art 317
2418,Pixel Art 318
2419,Pixel Art 319
2420,Pixel Art 320
2421,Pixel Art 321
2422,Pixel Art 322
2423,Pixel Art 323
2424,Pixel Art 324
2425,Pixel Art 325
2426,Pixel Art 326
2427,Pixel Art 327
2428,Pixel Art 328
2429,Pixel Art 329
2430,Pixel Art 330
2431,Pixel Art 331
2432,Pixel Art 332
2433,Pixel Art 333
2434,Pixel Art 334
2435,Pixel Art 335
2436,Pixel Art 336
2437,Pixel Art 337
2438,Pixel Art 338
2439,Pixel Art 339
2440,Pixel Art 340
2441,Pixel Art 341
2442,Pixel Art 342
2443,Pixel Art 343
2444,Pixel Art 344
2445,Pixel Art 345
2446,Pixel Art 346
2447,Pixel Art 347
2448,Pixel Art 348
2449,Pixel Art 349
2450,Pixel Art 350
2451,Pixel Art 351
2452,Pixel Art 352
2453,Pixel Art 353
2454,Pixel Art 354
2455,Pixel Art 355
2456,Pixel Art 356
2457,Pixel Art 357
2458,Pixel Art 358
2459,Pixel Art 359
2460,Pixel Art 360
2461,Pixel Art 361
2462,Pixel Art 362
2463,Pixel Art 363
2464,Pixel Art 364
2465,Pixel Art 365
2466,Pixel Art 366
2467,Pixel Art 367
2468,Pixel Art 368
2469,Pixel Art 369
2470,Pixel Art 370
2471,Pixel Art 371
2472,Pixel Art 372
2473,Pixel Art 373
2474,Pixel Art 374
2475,Pixel Art 375
2476,Pixel Art 376
2477,Pixel Art 377
2478,Pixel Art 378
2479,Pixel Art 379
2480,Pixel Art 380
2481,Pixel Art 381
2482,Pixel Art 382
2483,Pixel Art 383
2484,Pixel Art 384
2485,Pixel Art 385
2486,Pixel Art 386
2487,Pixel Art 387
2488,Pixel Art 388
2489,Pixel Art 389
2490,Pixel Art 390
2491,Pixel Art 391
2492,Pixel Art 392
2493,Pixel Art 393
2494,Pixel Art 394
2495,Pixel Art 395
2496,Pixel Art 396
2497,Pixel Art 397
2498,Pixel Art 398
2499,Pixel Art 399
2500,Pixel Art 400
2501,Pixel Art 401
2502,Pixel Art 402
2503,Pixel Art 403
2504,Pixel Art 404
2505,Pixel Art 405
2506,Pixel Art 406
2507,Pixel Art 407
2508,Pixel Art 408
2509,Pixel Art 409
2510,Pixel Art 410
2511,Pixel Art 411
2512,Pixel Art 412
2513,Pixel Art 413
2514,Pixel Art 414
2515,Pixel Art 415
2516,Pixel Art 416
2517,Pixel Art 417
2518,Pixel Art 418
2519,Pixel Art 419
2520,Pixel Art 420
2521,Pixel Art 421
2522,Pixel Art 422
2523,Pixel Art 423
2524,Pixel Art 424
2525,Pixel Art 425
2526,Pixel Art 426
2527,Pixel Art 427
2528,Pixel Art 428
2529,Pixel Art 429
2530,Pixel Art 430
2531,Pixel Art 431
2532,Pixel Art 432
2533,Pixel Art 433
2534,Pixel Art 434
2535,Pixel Art 435
2536,Pixel Art 436
2537,Pixel Art 437
2538,Pixel Art 438
2539,Pixel Art 439
2540,Pixel Art 440
2541,Pixel Art 441
2542,Pixel Art 442
2543,Pixel Art 443
2544,Pixel Art 444
2545,Pixel Art 445
2546,Pixel Art 446
2547,Pixel Art 447
2548,Pixel Art 448
2549,Pixel Art 449
2550,Pixel Art 450
2551,Pixel Art 451
2552,Pixel Art 452
2553,Pixel Art 453
2554,Pixel Art 454
2555,Pixel Art 455
2556,Pixel Art 456
2557,Pixel Art 455
2558,Pixel Art 458
2559,Pixel Art 459
2560,Pixel Art 460
2561,Pixel Art 461
2562,Pixel Art 462
2563,Pixel Art 463
2564,Pixel Art 464
2565,Pixel Art 465
2566,Pixel Art 466
2567,Pixel Art 467
2568,Pixel Art 468
2569,Pixel Art 1042
2570,Pixel Art 470
2571,Pixel Art 471
2572,Pixel Art 472
2573,Pixel Art 441
2574,Pixel Art 474
2575,Pixel Art 475
2576,Pixel Art 476
2577,Pixel Art 477
2578,Pixel Art 478
2579,Pixel Art 479
2580,Pixel Art 480
2581,Pixel Art 481
2582,Pixel Art 482
2583,Pixel Art 483
2584,Pixel Art 484
2585,Pixel Art 485
2586,Pixel Art 486
2587,Pixel Art 487
2588,Pixel Art 488
2589,Pixel Art 489
2590,Pixel Art 490
2591,Pixel Art 491
2592,Pixel Art 492
2593,Pixel Art 493
2594,Pixel Art 494
2595,Pixel Art 495
2596,Pixel Art 496
2597,Pixel Art 497
2598,Pixel Art 498
2599,Pixel Art 499
2600,Pixel Art 500
2601,Pixel Art 501
2602,Pixel Art 502
2603,Pixel Art 503
2604,Pixel Art 504
2605,Pixel Art 505
2606,Pixel Art 506
2607,Pixel Art 507
2608,Pixel Art 508
2609,Pixel Art 509
2610,Pixel Art 510
2611,Pixel Art 511
2612,Pixel Art 512
2613,Pixel Art 513
2614,Pixel Art 514
2615,Pixel Art 515
2616,Pixel Art 516
2617,Pixel Art 517
2618,Pixel Art 518
2619,Pixel Art 519
2620,Pixel Art 520
2621,Pixel Art 521
2622,Pixel Art 522
2623,Pixel Art 523
2624,Pixel Art 524
2625,Pixel Art 525
2626,Pixel Art 526
2627,Pixel Art 527
2628,Pixel Art 528
2629,Pixel Art 529
2630,Pixel Art 530
2631,Pixel Art 531
2632,Pixel Art 532
2633,Pixel Art 533
2634,Pixel Art 534
2635,Pixel Art 535
2636,Pixel Art 536
2637,Pixel Art 537
2638,Pixel Art 538
2639,Pixel Art 539
2640,Pixel Art 540
2641,Pixel Art 541
2642,Pixel Art 542
2643,Pixel Art 543
2644,Pixel Art 544
2645,Pixel Art 545
2646,Pixel Art 546
2647,Pixel Art 547
2648,Pixel Art 548
2649,Pixel Art 549
2650,Pixel Art 543
2651,Pixel Art 551
2652,Pixel Art 552
2653,Pixel Art 539
2654,Pixel Art 554
2655,Pixel Art 555
2656,Pixel Art 556
2657,Pixel Art 557
2658,Pixel Art 558
2659,Pixel Art 559
2660,Pixel Art 560
2661,Pixel Art 561
2662,Pixel Art 562
2663,Pixel Art 563
2664,Pixel Art 564
2665,Pixel Art 565
2666,Pixel Art 566
2667,Pixel Art 567
2668,Pixel Art 568
2669,Pixel Art 569
2670,Pixel Art 570
2671,Pixel Art 543
2672,Pixel Art 572
2673,Pixel Art 573
2674,Pixel Art 548
2675,Pixel Corner
2676,Pixel Art 576
2677,Pixel Art 543
2678,Pixel Art 578
2679,Pixel Art 579
2680,Pixel Art 580
2681,Pixel Art 581
2682,Pixel Art 555
2683,Pixel Art 583
2684,Pixel Art 584
2685,Pixel Art 585
2686,Pixel Art 586
2687,Pixel Art 587
2688,Pixel Art 588
2689,Pixel Art 589
2690,Pixel Corner 2
2691,Pixel Art 591
2692,Pixel Art 592
2693,Pixel Art 593
2694,Pixel Art 594
2695,Pixel Art 1126
2696,Pixel Art 596
2697,Pixel Art 596
2698,Pixel Art 598
2699,Pixel Art 599
2700,Pixel Art 600
2703,Bubbly Liquid Piece
2704,Bubbly Liquid Piece
2708,Bubbly Liquid Piece
2709,Bubbly Liquid Piece
2710,Bubbly Liquid Piece
2711,Bubbly Liquid Piece
2712,Bubbly Liquid Piece
2713,Bubbly Liquid Piece
2714,Bubbly Liquid Piece
2715,Bubbly Liquid Piece
2716,Bubbly Liquid Piece
2717,Bubbly Liquid Piece
2718,Bubbly Liquid Piece
2719,Bubbly Liquid Piece
2720,Bubbly Liquid Piece
2721,Bubbly Liquid Piece
2722,Bubbly Liquid Piece
2723,Bubbly Liquid Piece
2724,Bubbly Liquid Piece
2725,Bubbly Liquid Piece
2726,Bubbly Liquid Piece
2727,Bubbly Liquid Piece
2728,Bubbly Liquid Piece
2729,Bubbly Liquid Piece
2730,Bubbly Liquid Piece
2731,Bubbly Liquid Piece
2732,Bubbly Liquid Piece
2733,Bubbly Liquid Piece
2734,Bubbly Liquid Piece
2735,Bubbly Liquid Piece
2736,Bubbly Liquid Piece
2737,Bubbly Liquid Piece
2738,Bubbly Liquid Piece
2739,Bubbly Liquid Piece
2740,Bubbly Liquid Piece
2741,Bubbly Liquid Piece
2742,Bubbly Liquid Piece
2743,Bubbly Liquid Piece
2744,Bubbly Liquid Piece
2745,Bubbly Liquid Piece
2746,Bubbly Liquid Piece
2747,Bubbly Liquid Piece
2748,Bubbly Liquid Piece
2749,Bubbly Liquid Piece
2750,Bubbly Liquid Piece
2751,Bubbly Liquid Piece
2752,Bubbly Liquid Piece
2753,Bubbly Liquid Piece
2754,Bubbly Liquid Piece
2755,Bubbly Liquid Piece
2756,Bubbly Liquid Piece
2757,Bubbly Liquid Piece
2758,Bubbly Liquid Piece
2759,Bubbly Liquid Piece
2760,Bubbly Liquid Piece
2761,Bubbly Liquid Piece
2762,Bubbly Liquid Piece
2763,Bubbly Liquid Piece
2764,Bubbly Liquid Piece
2765,Bubbly Liquid Piece
2766,Bubbly Liquid Piece
2767,Bubbly Liquid Piece
2768,Bubbly Liquid Piece
2769,Bubbly Liquid Piece
2770,Bubbly Liquid Piece
2773,Bubbly Liquid Piece
2776,Bubbly Liquid Piece
2777,Bubbly Liquid Piece
2778,Bubbly Liquid Piece
2779,Bubbly Liquid Piece
2780,Bubbly Liquid Piece
2781,Bubbly Liquid Piece
2782,Bubbly Liquid Piece
2783,Bubbly Liquid Piece
2784,Bubbly Liquid Piece
2785,Bubbly Liquid Piece
2786,Bubbly Liquid Piece
2787,Bubbly Liquid Piece
2788,Bubbly Liquid Piece
2789,Bubbly Liquid Piece
2790,Bubbly Liquid Piece
2791,Bubbly Liquid Piece
2792,Bubbly Liquid Piece
2793,Bubbly Liquid Piece
2794,Bubbly Liquid Piece
2795,Bubbly Liquid Piece
2796,Bubbly Liquid Piece
2797,Bubbly Liquid Piece
2798,Bubbly Liquid Piece
2799,Bubbly Liquid Piece
2800,Bubbly Liquid Piece
2801,Bubbly Liquid Piece
2802,Bubbly Liquid Piece
2803,Bubbly Liquid Piece
2804,Bubbly Liquid Piece
2805,Bubbly Liquid Piece
2806,Bubbly Liquid Piece
2807,Bubbly Liquid Piece
2838,Brick Piece
2839,Brick Piece
2840,Brick Piece
2841,Brick Piece
2842,Brick Piece
2843,Brick Piece
2844,Brick Piece
2845,Brick Piece
2846,Brick Piece
2847,Brick Piece
2848,Brick Piece
2849,Brick Piece
2850,Brick Piece
2851,Brick Piece
2852,Brick Piece
2853,Brick Piece
2854,Brick Piece
2855,Brick Piece
2856,Brick Piece
2857,Brick Piece
2858,Brick Piece
2859,Brick Piece
2860,Brick Piece
2861,Brick Piece
2862,Brick Piece
2863,Brick Piece
2864,Wide Flame Animation
2865,Flame Animation
2866,Flip Block
2867,Explosion Animation
2868,Small Explosion Animation
2869,Tall Explosion Animation
2870,Simple Explosion Animation
2871,Tall Explosion 2 Animation
2872,Explosive Burst Animation
2873,Fireball Animation
2874,Small Fireball Animation
2875,Shooting Star Animation
2876,Swoosh Animation
2877,Center Explosion Animation
2878,Slitcher Animation
2879,Fireball 2 Animation
2880,Swoosh 2 Animation
2881,Smoking Animation
2882,Electric Burst Animation
2883,Electric Burst 2 Animation
2884,Electricity Animation
2885,Electric Burst 3 Animation
2886,Electric Burst 4 Animation
2887,Electric Burst 5 Animation
2888,Electricity 2 Animation
2889,Electricity 3 Animation
2890,Electricity Wobble Animation
2891,Electricity Stable Animation
2892,Electricity Circle Animation
2893,Electricity Square Animation
2894,Lazer Wobble Animation
2895,Smart Template Square
2896,Smart Template Slope
2897,Smart Template Wide Slope
2899,Options Trigger
2900,Arrow Trigger
2901,Gameplay Offset Trigger
2902,Separated Teleport Portal
2903,Gradient Trigger
2904,Shader Trigger
2905,Shockwave Shader Trigger
2907,Shockline Shader Trigger
2909,Glitch Shader Trigger
2910,Chromatic Shader Trigger
2911,Chromatic Glitch Shader Trigger
2912,Pixelate Shader Trigger
2913,Lens Circle Shader Trigger
2914,Radial Blur Shader Trigger
2915,Motion Blur Shader Trigger
2916,Bulge Shader Trigger
2917,Pinch Shader Trigger
2919,Grayscale Shader Trigger
2920,Sepia Shader Trigger
2921,Invert Color Trigger
2922,Hue Shader Trigger
2923,Edit Color Shader Trigger
2924,Split Screen Shader Trigger
2925,Camera Mode Trigger
2926,Flip Portal
2927,Shiny Block Piece
2928,Shiny Block Piece
2929,Shiny Block Piece
2930,Shiny Block Piece
2931,Shiny Block Piece
2932,Shiny Block Piece
2933,Shiny Block Piece
2934,Shiny Block Piece
2935,Shiny Block Piece
2936,Shiny Block Piece
2937,Shiny Block Piece
2938,Shiny Block Piece
2939,Shiny Block Piece
2940,Shiny Block Piece
2941,Shiny Block Piece
2942,Shiny Block Piece
2943,Shiny Block Piece
2944,Shiny Block Piece
2945,Shiny Block Piece
2946,Shiny Block Piece
2947,Shiny Block Piece
2948,Shiny Block Piece
2949,Shiny Block Piece
2950,Shiny Block Piece
2951,Shiny Block Piece
2952,Shiny Block Piece
2953,Shiny Block Piece
2954,Shiny Block Piece
2955,Shiny Block Piece
2956,Shiny Block Piece
2957,Shiny Block Piece
2958,Shiny Block Piece
2959,Shiny Block Piece
2960,Shiny Block Piece
2961,Shiny Block Piece
2962,Shiny Block Piece
2963,Shiny Block Piece
2964,Shiny Block Piece
2965,Shiny Block Piece
2966,Shiny Block Piece
2967,Shiny Block Piece
2968,Shiny Block Piece
2969,Shiny Block Piece
2970,Shiny Block Piece
2971,Shiny Block Piece
2972,Shiny Block Piece
2973,Shiny Block Piece
2974,Shiny Block Piece
2975,Shiny Block Piece
2976,Shiny Block Piece
2977,Shiny Block Piece
2978,Shiny Block Piece
2979,Shiny Block Piece
2980,Shiny Block Piece
2981,Shiny Block Piece
2982,Shiny Block Piece
2983,Shiny Block Piece
2984,Shiny Block Piece
2985,Shiny Block Piece
2986,Shiny Block Piece
2987,Grass Overlay Piece
2988,Grass Overlay Piece
2989,Grass Overlay Piece
2990,Grass Overlay Piece
2991,Grass Overlay Piece
2992,Grass Overlay Piece
2993,Grass Overlay Piece
2994,Grass Overlay Piece
2995,Grass Overlay Piece
2996,Grass Overlay Piece
2997,Grass Overlay Piece
2998,Grass Overlay Piece
2999,Edit Middleground Trigger
3000,Circle Wave Animation
3001,Sharp Wave Animation
3002,Inverse Circle Wave Animation
3004,Spider Orb
3005,Spider Pad
3006,Area Move Trigger
3007,Area Rotate Triger
3008,Area Scale Trigger
3009,Area Fade Trigger
3010,Area Tint Trigger
3011,Edit Area Move Trigger
3012,Edit Area Rotate Trigger
3013,Edit Area Scale Trigger
3014,Edit Area Fade Trigger
3015,Edit Area Tint Trigger
3016,Advanced Follow Trigger
3017,Enter Move Trigger
3018,Enter Rotate Trigger
3019,Enter Scale Trigger
3020,Enter Fade Trigger
3021,Enter Tint Trigger
3022,Teleport Trigger
3023,Enter Stop Trigger
3024,Area Stop Trigger
3027,Teleport Orb
3029,Background Trigger
3030,Ground Trigger
3031,Middleground Trigger
3032,Keyframe
3033,Keyframe Trigger
3034,Spike Piece
3035,Spike Piece
3036,Spike Piece
3037,Spike Piece
3038,Spike Piece
3039,Spike Piece
3040,Spike Piece
3041,Spike Piece
3042,Spike Piece
3043,Spike Piece
3044,Spike Piece
3045,Spike Piece
3046,Spike Piece
3047,Spike Piece
3048,Spike Piece
3049,Spike Piece
3050,Chain Piece
3051,Chain Piece
3052,Chain Piece
3053,Chain Piece
3054,Platform Piece
3055,Platform Piece
3056,Platform Piece
3057,Platform Piece
3058,Platform Piece
3059,Platform Piece
3060,Platform Piece
3061,Platform Piece
3062,Platform Piece
3063,Platform Piece
3064,Platform Piece
3065,Platform Piece
3066,Platform Piece
3067,Platform Piece
3068,Platform Piece
3069,Platform Piece
3070,Platform Piece
3071,Platform Piece
3072,Platform Piece
3073,Platform Piece
3074,Platform Piece
3075,Platform Piece
3076,Platform Piece
3077,Platform Piece
3078,Platform Piece
3079,Platform Piece
3080,Platform Piece
3081,Platform Piece
3082,Platform Piece
3083,Platform Piece
3084,Platform Piece
3085,Platform Piece
3086,Crystal Inner
3087,Crystal Outline
3088,Small Crystal Inner
3089,Small Crystal Outline
3090,Platform Piece
3091,Platform Piece
3092,Pixel Art 1139
3093,Pixel Art 1139
3094,Pixel Art 1139
3095,Pixel Art 1139
3096,Pixel Art 1139
3097,Pixel Art 1139
3101,Pixel Art 601
3102,Pixel Art 602
3103,Pixel Art 603
3104,Pixel Art 604
3105,Pixel Art 605
3106,Pixel Art 606
3107,Pixel Art 607
3108,Pixel Art 608
3109,Pixel Art 609
3110,Pixel Art 610
3111,Pixel Art 611
3112,Pixel Art 612
3113,Pixel Art 613
3114,Pixel Art 614
3115,Pixel Art 615
3116,Pixel Art 616
3117,Pixel Art 617
3118,Pixel Art 618
3119,Pixel Art 619
3120,Pixel Art 620
3121,Pixel Art 621
3122,Pixel Art 622
3123,Pixel Art 623
3124,Pixel Art 624
3125,Pixel Art 625
3126,Pixel Art 626
3127,Pixel Art 627
3128,Pixel Art 628
3129,Pixel Art 629
3130,Pixel Art 630
3131,Pixel Art 631
3132,Pixel Art 632
3133,Pixel Art 633
3134,Pixel Art 634
3135,Pixel Art 635
3136,Pixel Art 636
3137,Pixel Art 637
3138,Pixel Art 638
3139,Pixel Art 639
3140,Pixel Art 640
3141,Pixel Art 641
3142,Pixel Art 642
3143,Pixel Art 643
3144,Pixel Art 644
3145,Pixel Art 645
3146,Pixel Art 646
3147,Pixel Art 647
3148,Pixel Art 648
3149,Pixel Art 649
3150,Pixel Art 650
3151,Pixel Art 651
3152,Pixel Art 652
3153,Pixel Art 653
3154,Pixel Art 654
3155,Pixel Art 655
3156,Pixel Art 656
3157,Pixel Art 657
3158,Pixel Art 658
3159,Pixel Art 659
3160,Pixel Art 660
3161,Pixel Art 661
3162,Pixel Art 662
3163,Pixel Art 663
3164,Pixel Art 664
3165,Pixel Art 665
3166,Pixel Art 666
3167,Pixel Art 667
3168,Pixel Art 668
3169,Pixel Art 669
3170,Pixel Art 670
3171,Pixel Art 671
3172,Pixel Art 672
3173,Pixel Art 673
3174,Pixel Art 674
3175,Pixel Art 675
3176,Pixel Art 676
3177,Pixel Art 677
3178,Pixel Art 678
3179,Pixel Art 679
3180,Pixel Art 680
3181,Pixel Art 681
3182,Pixel Art 682
3183,Pixel Art 683
3184,Pixel Art 684
3185,Pixel Art 685
3186,Pixel Art 686
3187,Pixel Art 687
3188,Pixel Art 688
3189,Pixel Art 689
3190,Pixel Art 690
3191,Pixel Art 691
3192,Pixel Art 692
3193,Pixel Art 693
3194,Pixel Art 694
3195,Pixel Art 695
3196,Pixel Art 696
3197,Pixel Art 697
3198,Pixel Art 698
3199,Pixel Art 699
3200,Pixel Art 700
3201,Pixel Art 701
3202,Pixel Art 702
3203,Pixel Art 703
3204,Pixel Art 704
3205,Pixel Art 705
3206,Pixel Art 706
3207,Pixel Art 707
3208,Pixel Art 708
3209,Pixel Art 709
3210,Pixel Art 710
3211,Pixel Art 711
3212,Pixel Art 712
3213,Pixel Art 713
3214,Pixel Art 714
3215,Pixel Art 715
3216,Pixel Art 716
3217,Pixel Art 717
3218,Pixel Art 718
3219,Pixel Art 719
3220,Pixel Art 720
3221,Pixel Art 721
3222,Pixel Art 722
3223,Pixel Art 723
3224,Pixel Art 724
3225,Pixel Art 725
3226,Pixel Art 726
3227,Pixel Art 727
3228,Pixel Art 728
3229,Pixel Art 729
3230,Pixel Art 730
3231,Pixel Art 731
3232,Pixel Art 732
3233,Pixel Art 732
3234,Pixel Art 734
3235,Pixel Art 735
3236,Pixel Art 736
3237,Pixel Art 737
3238,Pixel Art 738
3239,Pixel Art 739
3240,Pixel Art 740
3241,Pixel Art 741
3242,Pixel Art 742
3243,Pixel Art 743
3244,Pixel Art 744
3245,Pixel Art 745
3246,Pixel Art 746
3247,Pixel Art 747
3248,Pixel Art 748
3249,Pixel Art 749
3250,Pixel Art 750
3251,Pixel Art 751
3252,Pixel Art 752
3253,Pixel Art 753
3254,Pixel Art 754
3255,Pixel Art 755
3256,Pixel Art 756
3257,Pixel Art 757
3258,Pixel Art 1139
3259,Pixel Art 1139
3260,Pixel Art 760
3261,Pixel Art 124
3262,Pixel Art 124
3263,Pixel Art 763
3264,Pixel Art 764
3265,Pixel Art 765
3266,Pixel Art 766
3267,Pixel Art 767
3268,Pixel Art 124
3269,Pixel Art 124
3270,Pixel Art 770
3271,Pixel Art 124
3272,Pixel Art 770
3273,Pixel Art 773
3274,Pixel Art 774
3275,Pixel Art 775
3276,Pixel Art 776
3277,Pixel Art 777
3278,Pixel Art 778
3279,Pixel Art 779
3280,Pixel Art 780
3281,Pixel Art 781
3282,Pixel Art 782
3283,Pixel Art 783
3284,Pixel Art 784
3285,Pixel Art 785
3286,Pixel Art 786
3287,Pixel Art 787
3288,Pixel Art 788
3289,Pixel Art 789
3290,Pixel Art 790
3291,Pixel Art 790
3292,Pixel Art 792
3293,Pixel Art 793
3294,Pixel Art 794
3295,Pixel Art 795
3296,Pixel Art 796
3297,Pixel Art 797
3298,Pixel Art 798
3299,Pixel Art 799
3300,Pixel Art 800
3301,Pixel Art 801
3302,Pixel Art 802
3303,Pixel Art 803
3304,Pixel Art 804
3305,Pixel Art 805
3306,Pixel Art 806
3307,Pixel Art 806
3308,Pixel Art 808
3309,Pixel Art 809
3310,Pixel Art 810
3311,Pixel Art 811
3312,Pixel Art 812
3313,Pixel Art 813
3314,Pixel Art 814
3315,Pixel Art 815
3316,Pixel Art 816
3317,Pixel Art 817
3318,Pixel Art 818
3319,Pixel Art 819
3320,Pixel Art 820
3321,Pixel Art 821
3322,Pixel Art 822
3323,Pixel Art 823
3324,Pixel Art 824
3325,Pixel Art 825
3326,Pixel Art 826
3327,Pixel Art 827
3328,Pixel Art 828
3329,Pixel Art 829
3330,Pixel Art 830
3331,Pixel Art 831
3332,Pixel Art 832
3333,Pixel Art 833
3334,Pixel Art 834
3335,Pixel Art 835
3336,Pixel Art 836
3337,Pixel Art 837
3338,Pixel Art 838
3339,Pixel Art 839
3340,Pixel Art 840
3341,Pixel Art 841
3342,Pixel Art 842
3343,Pixel Art 843
3344,Pixel Art 844
3345,Pixel Art 1139
3346,Pixel Art 846
3347,Pixel Art 847
3348,Pixel Art 848
3349,Pixel Art 849
3350,Pixel Art 850
3351,Pixel Art 851
3352,Pixel Art 852
3353,Pixel Art 853
3354,Pixel Art 854
3355,Pixel Art Line
3356,Pixel Art 856
3357,Pixel Art 857
3358,Pixel Art 858
3359,Pixel Art 859
3360,Pixel Art 860
3361,Pixel Art 861
3362,Pixel Art 862
3363,Pixel Art 863
3364,Pixel Art 1139
3365,Pixel Art 865
3366,Pixel Art 866
3367,Pixel Art 867
3368,Pixel Art 868
3369,Pixel Art 869
3370,Pixel Art 869
3371,Pixel Art 871
3372,Pixel Art 872
3373,Pixel Art 873
3374,Pixel Art 874
3375,Pixel Art 875
3376,Pixel Art 876
3377,Pixel Art 877
3378,Pixel Art 878
3379,Pixel Art 879
3380,Pixel Art 880
3381,Pixel Art 881
3382,Pixel Art 882
3383,Pixel Art 883
3384,Pixel Art 884
3385,Pixel Art 885
3386,Pixel Art 886
3387,Pixel Art 887
3388,Pixel Art 888
3389,Pixel Art 889
3390,Pixel Art 890
3391,Pixel Art 891
3392,Pixel Art 892
3393,Pixel Art 893
3394,Pixel Art 894
3395,Pixel Art 895
3396,Pixel Art 896
3397,Pixel Art 897
3398,Pixel Art 898
3399,Pixel Art Line 2
3400,Pixel Art Line 3
3401,Pixel Art 901
3402,Pixel Art 902
3403,Pixel Art 903
3404,Pixel Art 904
3405,Pixel Art 905
3406,Pixel Art 906
3407,Pixel Art 907
3408,Pixel Art 908
3409,Pixel Art 909
3410,Pixel Art 910
3411,Pixel Art 911
3412,Pixel Art 912
3413,Pixel Art 913
3414,Pixel Art 914
3415,Pixel Art 915
3416,Pixel Art 916
3417,Pixel Art 917
3418,Pixel Art 918
3419,Pixel Art 919
3420,Pixel Art 920
3421,Pixel Art 921
3422,Pixel Art 922
3423,Pixel Art 923
3424,Pixel Art 924
3425,Pixel Art 925
3426,Pixel Art 926
3427,Pixel Art 927
3428,Pixel Art 928
3429,Pixel Art 929
3430,Pixel Art 930
3431,Pixel Art 931
3432,Pixel Art 932
3433,Pixel Art 933
3434,Pixel Art 934
3435,Pixel Art 935
3436,Pixel Art 936
3437,Pixel Art 937
3438,Pixel Art 938
3439,Pixel Art 939
3440,Pixel Art 940
3441,Pixel Art 941
3442,Pixel Art 942
3443,Pixel Art 943
3444,Pixel Art 944
3445,Pixel Art 945
3446,Pixel Art 946
3447,Pixel Art 947
3448,Pixel Art 948
3449,Pixel Art 949
3450,Pixel Art 950
3451,Pixel Art 951
3452,Pixel Art 952
3453,Pixel Art 953
3454,Pixel Art 954
3455,Pixel Art 955
3456,Pixel Art 956
3457,Pixel Art 957
3458,Pixel Art 958
3459,Pixel Art 959
3460,Pixel Art 960
3461,Pixel Art 961
3462,Pixel Art 962
3463,Pixel Art 963
3464,Pixel Art 964
3465,Pixel Art 965
3466,Pixel Art 966
3467,Pixel Art 967
3468,Pixel Art 968
3469,Pixel Art 969
3470,Pixel Art 970
3471,Pixel Art 971
3472,Pixel Art 972
3473,Pixel Art 973
3474,Pixel Art 974
3475,Pixel Art 975
3476,Pixel Art 976
3477,Pixel Art 977
3478,Pixel Art 978
3479,Pixel Art 979
3480,Pixel Art 980
3481,Pixel Art 981
3482,Pixel Art 982
3483,Pixel Art 983
3484,Pixel Art 984
3485,Pixel Art 985
3486,Pixel Art 986
3487,Pixel Art 987
3488,Pixel Art 988
3489,Pixel Art 989
3490,Pixel Art 990
3491,Pixel Art 991
3492,Pixel Art 992
3493,Pixel Art 993
3494,Pixel Art 994
3495,Pixel Art 995
3496,Pixel Art 996
3497,Pixel Art 997
3498,Pixel Art 998
3499,Pixel Art 999
3500,Pixel Art 1000
3501,Pixel Art 1001
3502,Pixel Art 1002
3503,Pixel Art 1003
3504,Pixel Art 1004
3505,Pixel Art 1005
3506,Pixel Art 1006
3507,Pixel Art 1007
3508,Pixel Art 1008
3509,Pixel Art 1009
3510,Pixel Art 1010
3511,Pixel Art 1011
3512,Pixel Art 1012
3513,Pixel Art 1013
3514,Pixel Art 1014
3515,Pixel Art 1015
3516,Pixel Art 1016
3517,Pixel Art 1017
3518,Pixel Art 1018
3519,Pixel Art 1019
3520,Pixel Art 1020
3521,Pixel Art 1021
3522,Pixel Art 1022
3523,Pixel Art 1023
3524,Pixel Art 1024
3525,Pixel Art 1025
3526,Pixel Art 1026
3527,Pixel Art 1027
3528,Pixel Art 1028
3529,Pixel Art 1029
3530,Pixel Art 1030
3531,Pixel Art 1031
3532,Pixel Art 1032
3533,Pixel Art 1033
3534,Pixel Art 1034
3535,Pixel Art 1035
3536,Pixel Art 1036
3537,Pixel Art 1037
3538,Pixel Art 1038
3539,Pixel Art 1039
3540,Pixel Art 1040
3541,Pixel Art 1041
3542,Pixel Art 1042
3543,Pixel Art 1043
3544,Pixel Art 1044
3545,Pixel Art 1045
3546,Pixel Art 1046
3547,Pixel Art 1047
3548,Pixel Art 1048
3549,Pixel Art 1049
3550,Pixel Art 1050
3551,Pixel Art 1051
3552,Pixel Art 1052
3553,Pixel Art 1053
3554,Pixel Art 1054
3555,Pixel Art 1055
3556,Pixel Art 1056
3557,Pixel Art 1057
3558,Pixel Art 1058
3559,Pixel Art 1059
3560,Pixel Art 1060
3561,Pixel Art 1061
3562,Pixel Art 1062
3563,Pixel Art 1063
3564,Pixel Art 1064
3565,Pixel Art 1065
3566,Pixel Art 1066
3567,Pixel Art 1067
3568,Pixel Art 1068
3569,Pixel Art 1069
3570,Pixel Art 1070
3571,Pixel Art 1071
3572,Pixel Art 1072
3573,Pixel Art 1073
3574,Pixel Art 1074
3575,Pixel Art 1075
3576,Pixel Art 1076
3577,Pixel Art 1077
3578,Pixel Art 1078
3579,Pixel Art 1079
3580,Pixel Art 1080
3581,Pixel Art 1081
3582,Pixel Art 1082
3583,Pixel Art 1083
3584,Pixel Art 1084
3585,Pixel Art 1085
3586,Pixel Art 1086
3587,Pixel Art 1087
3588,Pixel Art 1088
3589,Pixel Art 1089
3590,Pixel Art 1090
3591,Pixel Art 1091
3592,Pixel Art 1092
3593,Pixel Art 1093
3594,Pixel Art 1094
3595,Pixel Art 1095
3596,Pixel Art 1096
3597,Pixel Art 1097
3598,Pixel Art 1098
3599,Pixel Art 1099
3600,End Trigger
3601,Clock Collectable
3602,SFX Trigger
3603,Edit SFX Trigger
3604,Event Trigger
3605,Edit Song Trigger
3606,Background Speed Trigger
3607,Sequence Trigger
3608,Spawn Particle Trigger
3609,Instant Collision Trigger
3610,Damage Square
3611,Damage Circle
3612,Middleground Speed Trigger
3613,UI Trigger
3614,Time Trigger
3615,Time Event Trigger
3617,Time Control Trigger
3618,Reset Trigger
3619,Item Edit Trigger
3620,Item Compare Trigger
3621,Ball
3622,Hollow Ball
3623,Heart
3624,Diamond
3625,Star
3626,Music Note
3627,Square
3628,Triangle
3629,Hexagon
3630,Arrow
3631,Arrow 2
3632,Arrow 3
3633,Exclamation Point
3634,Question Mark
3635,Cross
3636,Large Hollow Ball
3637,Large Ball
3638,Large Square
3639,Large Hollow Square
3640,Collision State Block
3641,Item Persist Trigger
3642,BPM Trigger
3643,Player Touch Block
3645,Circle Force Block
3646,Settings Particle
3647,Download Particle
3648,Music Particle
3649,Disable Particle
3650,Retry Particle
3651,Demon Key Particle
3652,Communication Particle
3653,Message Particle
3654,Moon Rate Particle
3656,Very Thin Triangle Particle
3657,Thin Triangle Particle
3658,Very Thin Glow Triangle Particle
3659,Thin Glow Triangle Particle
3660,Edit Advanced Follow Trigger
3661,Re-Target Advanced Follow Trigger
3662,Link Visible Trigger
3700,Pixel Art 1100
3701,Pixel Art 1101
3702,Pixel Art 1102
3703,Pixel Art 1087
3704,Pixel Art 1088
3705,Pixel Art 1105
3706,Pixel Art 1090
3707,Pixel Art 1107
3708,Pixel Art 1108
3709,Pixel Art 1109
3710,Pixel Art 1110
3711,Pixel Art 1096
3712,Pixel Art 1112
3713,Pixel Art 1113
3714,Pixel Art 1114
3715,Pixel Art 1087
3716,Pixel Art 1088
3717,Pixel Art 1117
3718,Pixel Art 1090
3719,Pixel Art 1119
3720,Pixel Art 1120
3721,Pixel Art 1121
3722,Pixel Art 1122
3723,Pixel Art 1096
3724,Pixel Art 1124
3725,Pixel Art 1125
3726,Pixel Art 1126
3727,Pixel Art 1127
3728,Pixel Art 1128
3729,Pixel Art 1129
3730,Pixel Art 1130
3731,Pixel Art 1131
3732,Pixel Art 1132
3733,Pixel Art 1133
3734,Pixel Art 1134
3735,Pixel Art 1135
3736,Pixel Art 1136
3737,Pixel Art 1137
3738,Pixel Art 1138
3739,Pixel Art 1139
3740,Pixel Art 1140
3741,Pixel Art 1087
3742,Pixel Art 1088
3743,Pixel Art 1143
3744,Pixel Art 1090
3745,Pixel Art 1145
3746,Pixel Art 1146
3747,Pixel Art 1147
3748,Pixel Art 1148
3749,Pixel Art 1149
3750,Pixel Art 1150
3751,Pixel Art 1151
3752,Pixel Art 1126
3753,Pixel Art 1153
3754,Pixel Art 1154
3755,Pixel Art 1155
3756,Pixel Art 1156
3757,Pixel Art 1157
3758,Pixel Art 1158
3759,Pixel Art 1159
3760,Pixel Art 1160
3761,Pixel Art 1161
3762,Pixel Art 1162
3763,Pixel Art 1163
3764,Pixel Art 1164
3765,Pixel Art 1165
3766,Pixel Art 1166
3767,Pixel Art 1167
3768,Pixel Art 1168
3769,Pixel Art 1169
3770,Pixel Art 1170
3771,Pixel Art 1171
3772,Pixel Art 1172
3773,Pixel Art 1173
3774,Pixel Art 1174
3775,Pixel Art 1175
3776,Pixel Art 1176
3777,Pixel Art 1177
3778,Pixel Art 1178
3779,Pixel Art 1179
3780,Pixel Art 1180
3781,Pixel Art 1181
3782,Pixel Art 1182
3783,Pixel Art 1183
3784,Pixel Art 1184
3785,Pixel Art 1185
3786,Pixel Art 1186
3787,Pixel Art 1187
3788,Pixel Art 1188
3789,Pixel Art 1189
3790,Pixel Art 1190
3791,Pixel Art 1191
3792,Pixel Art 1192
3793,Pixel Art 1193
3794,Pixel Art 1194
3795,Pixel Art 1195
3796,Pixel Art 1196
3797,Pixel Art 1197
3798,Pixel Art 1198
3799,Pixel Art 1199
3801,Hexagon Particle
3802,Circle Particle
3803,Triangle Particle
3804,Star Particle
3805,Hollow Square Particle
3806,Hollow Hexagon Particle
3807,Hollow Circle Particle
3808,Hollow Triangle Particle
3809,Hollow Star Particle
3810,Exclamation Point Particle
3811,Question Mark Particle
3812,Arrow Particle
3813,Lightning Ball Particle
3814,Snowflake Particle
3815,Right Angle Particle
3816,Icon Face Particle
3817,Icon Particle
3818,Cross Particle
3819,Music Note Particle
3820,Electricity Particle
3821,Heart Particle
3822,Electricity Ball Particle
3823,Smile Particle
3824,Frown Particle
3825,Glow Ball Particle
3826,Flame Particle
3827,Glow Star Particle
3828,Glow Point Particle
3829,Textured Glow Ball Particle
3830,Droplet Particle
3831,Glow Line Particle
3832,Dual Glow Line Particle
3833,Line Particle
3834,Skull Particle
3835,Rock Particle
3836,Saw Particle
3837,TODO
3838,Droplet 2 Particle
3839,Swirl Particle
3840,Soul Particle
3841,Star 2 Particle
3842,Pinwheel Particle
3843,Glow Star 2 Particle
3844,Muddy Particle
3845,Blob Particle
3846,Textured Blob Particle
3847,Star Rate Particle
3848,Like Particle
3849,Dislike Particle
3850,Check Mark Particle
3851,Diamond Particle
3852,NA Difficulty Particle
3853,Easy Difficulty Particle
3854,Normal Difficulty Particle
3855,Hard Difficulty Particle
3856,Harder Difficulty Particle
3857,Insane Difficulty Particle
3858,Easy Demon Difficulty Particle
3859,Medium Demon Difficulty Particle
3860,Hard Demon Difficulty Particle
3861,Insane Demon Difficulty Particle
3862,Extreme Demon Difficulty Particle
3863,Auto Difficulty Particle
3864,Hurricane Particle
3865,Rounded Cross Particle
3866,Squished Cross Particle
3867,Dotted Cross Particle
3868,Clover Particle
3869,Y Particle
3870,Scar Particle
3871,Scar 2 Particle
3872,Scar 3 Particle
3873,Scar 4 Particle
3874,Black Hole Particle
3875,Rain Particle
3876,Oval Particle
3877,Worm Particle
3878,Abstract Particle
3879,Abstract 2 Particle
3880,Abstract 3 Particle
3881,Hashtag Particle
3882,Large Four Point Star Particle
3883,Medium Four Point Star Particle
3884,Small Four Point Star Particle
3885,Separated Eight Point Star Particle
3886,Eight Point Star Particle
3887,Simple Snowflake Particle
3888,Shining Star Particle
3889,Crosshair Particle
3890,Crosshair 2 Particle
3891,Crosshair 3 Particle
3892,Crosshair 4 Particle
3893,Simpe Arrow Particle
3894,Swirl 2 Particle
3895,Abstract 4 Particle
3896,Droplet Particle
3897,Multiple Droplets Particle
3898,Meteor Particle
3899,Flower Particle
3900,Cloud Particle
3901,Moon Particle
3902,Three Crescent Particle
3903,Bulging Crescent Particle
3904,Crescent Particle
3905,Dripping Crescent Particle
3906,Swoosh Particle
3907,Portal Swirl Particle
3908,Gear Particle
3909,Abstract 5 Particle
3910,Atom Particle
3911,Target Particle
3912,Splatter Particle
3913,Splatter 2 Particle
3914,Splatter 3 Particle
3915,Exploding Star Particle
3916,Splash Particle
3917,Splash 2 Particle
3918,Clash Particle
3919,Clash 2 Particle
3920,Splash 3 Particle
3921,Hard Splash Particle
3922,Hard Splash 2 Particle
3923,Light Splash Particle
3924,Tall Splash Particle
3925,Tiny Splash Particle
3926,Drip Particle
3927,Dripping Star Particle
3928,Slash Particle
3929,Slash 2 Particle
3930,Abstract 6 Particle
3931,Medical Particle
3932,Tally Particle
3933,Abstract 7 Particle
3934,Multiple Worm Particle
3935,Thick Triangle Particle
3936,Simple Diamond Particle
3937,Simple Half Diamond Particle
3938,Thick Bulging Square Particle
3939,Thick Half Hexagon Particle
3940,Shield Particle
3941,Shield 2 Particle
3942,Half Shield Particle
3943,Cube Particle
3944,Religious Cross Particle
3945,Bone Particle
3946,Leaf Particle
3947,Figure Eight Particle
3948,Heart 2 Particle
3949,Dashed Circle Particle
3950,Hashtag 2 Particle
3951,Lightning Bolt Particle
3952,Ghost Particle
3953,Alien Particle
3954,Key Particle
3955,Eye Particle
3956,Noisy Swirl Particle
3957,Pop Particle
3958,Glow Particle
3959,Thick Glow Particle
3960,Very Thick Glow Particle
3961,Glow Circle Particle
3962,Glow Oval Particle
3963,Radial Glow Oval Particle
3964,Sun Particle
3965,Bubble Particle
3966,Four Point Star Particle
3967,Thin Four Point Star Particle
3968,Shining Star 2 Particle
3969,Glow Four Point Star Particle
3970,Abstract 8 Particle
3971,Abstract 9 Particle
3972,Abstract 10 Particle
3973,Glow Star 2 Particle
3974,Portal Center Particle
3975,Cracks Particle
3976,Portal Swirl 2 Particle
3977,Splatter 4 Particle
3978,Splatter 5 Particle
3979,Tornado Particle
3980,Abstract 11 Particle
3981,Burst Particle
3982,Texture Particle
3983,Texture 2 Particle
3984,Blob 2 Particle
3985,Large Portal Center Particle
3986,Circle Fuzz Particle
3987,Circle Sharp Noise Particle
3988,Scar 5 Particle
3989,Hurricane 2 Particle
3990,Heavy Swirl Particle
3991,Shatter Particle
3992,Space Cloud Particle
3993,Exit Particle
3994,Lock Particle
3995,Mana Orb Particle
3996,Create Particle
3997,Time Particle
3998,Trophy Particle
3999,Favorite Particle
4000,Pixel Art 1200
4001,Pixel Art 1201
4002,Pixel Art 1202
4003,Pixel Art 1203
4004,Pixel Art 1204
4005,Pixel Art 1205
4006,Pixel Art 1206
4007,Pixel Art 1207
4008,Pixel Art 1208
4009,Pixel Art 1209
4010,Pixel Art 1210
4011,Pixel Art 1211
4012,Pixel Art 1212
4013,Pixel Art 1213
4014,Pixel Art 1214
4015,Pixel Art 1215
4016,Pixel Art 1216
4017,Pixel Art 1217
4018,Pixel Art 1218
4019,Pixel Art 1219
4020,Pixel Art 1220
4021,Pixel Art 1221
4022,Pixel Art 1222
4023,Pixel Art 1223
4024,Pixel Art 1224
4025,Pixel Art 1225
4026,Pixel Art 1226
4027,Pixel Art 1227
4028,Pixel Art 1228
4029,Pixel Art 1229
4030,Pixel Art 1230
4031,Pixel Art 1231
4032,Pixel Art 1232
4033,Pixel Art 1233
4034,Pixel Art 1234
4035,Pixel Art 1235
4036,Pixel Art 1236
4037,Pixel Art 1237
4038,Pixel Art 1238
4039,Pixel Art 1239
4040,Pixel Art 1240
4041,Pixel Art 1241
4042,Pixel Art 1242
4043,Pixel Art 1243
4044,Pixel Art 1244
4045,Pixel Art 1245
4046,Pixel Art 1246
4047,Pixel Art 1247
4048,Pixel Art 1248
4049,Pixel Art 1249
4050,Pixel Art 1250
4051,Pixel Art 1251
4052,Pixel Art 1252
4053,Pixel Art 1253
4054,Pixel Art 1254
4055,Pixel Art 1255
4056,Pixel Art 1256
4057,Pixel Art 1257
4058,Pixel Art 1258
4059,Pixel Art 1259
4060,Pixel Art 1260
4061,Pixel Art 1261
4062,Pixel Art 1262
4063,Pixel Art 1263
4064,Pixel Art 1264
4065,Pixel Art 1265
4066,Pixel Art 1266
4067,Pixel Art 1267
4068,Pixel Art 1268
4069,Pixel Art 1269
4070,Pixel Art 1270
4071,Pixel Art 1271
4072,Pixel Art 1272
4073,Pixel Art 1273
4074,Pixel Art 1274
4075,Pixel Art 1275
4076,Pixel Art 1276
4077,Pixel Art 1277
4078,Pixel Art 1278
4079,Pixel Art 1279
4080,Pixel Art 1280
4081,Pixel Art 1281
4082,Pixel Art 1282
4083,Pixel Art 1283
4084,Pixel Art 1284
4085,Pixel Art 1285
4086,Pixel Art 1286
4087,Pixel Art 1287
4088,Pixel Art 1288
4089,Pixel Art 1289
4090,Pixel Art 1290
4091,Pixel Art 1291
4092,Pixel Art 1292
4093,Pixel Art 1293
4094,Pixel Art 1294
4095,Pixel Art 1295
4096,Pixel Art 1296
4097,Pixel Art 1297
4098,Pixel Art 1298
4099,Pixel Art 1299
4100,Pixel Art 1300
4101,Pixel Art 1301
4102,Pixel Art 1302
4103,Pixel Art 1303
4104,Pixel Art 1304
4105,Pixel Art 1305
4106,Pixel Art 1306
4107,Pixel Art 1307
4108,Pixel Art 1308
4109,Pixel Art 1309
4110,Pixel Art 1310
4111,Pixel Art 1311
4112,Pixel Art 1312
4113,Pixel Art 1313
4114,Pixel Art 1314
4115,Pixel Art 1315
4116,Pixel Art 1316
4117,Pixel Art 1317
4118,Pixel Art 1318
4119,Pixel Art 1319
4120,Pixel Art 1320
4121,Pixel Art 1321
4122,Pixel Art 1322
4123,Pixel Art 1323
4124,Pixel Art 1324
4125,Pixel Art 1325
4126,Pixel Art 1326
4127,Pixel Art 1327
4128,Pixel Art 1328
4129,Pixel Art 1329
4130,Pixel Art 1330
4131,Pixel Art 1331
4132,Pixel Art 1332
4133,Pixel Art 1333
4134,Pixel Art 1334
4135,Pixel Art 1335
4136,Pixel Art 1336
4137,Pixel Art 1337
4138,Pixel Art 1338
4139,Pixel Art 1339
4140,Pixel Art 1340
4141,Pixel Art 1341
4142,Pixel Art 1342
4143,Pixel Art 1343
4144,Pixel Art 1344
4145,Pixel Art 1345
4146,Pixel Art 1346
4147,Pixel Art 1347
4148,Pixel Art 1348
4149,Pixel Art 1349
4150,Pixel Art 1350
4151,Pixel Art 1351
4152,Pixel Art 1352
4153,Pixel Art 1353
4154,Pixel Art 1354
4155,Pixel Art 1355
4156,Pixel Art 1356
4157,Pixel Art 1357
4158,Pixel Art 1358
4159,Pixel Art 1359
4160,Pixel Art 1360
4161,Pixel Art 1361
4162,Pixel Art 1362
4163,Pixel Art 1363
4164,Pixel Art 1364
4165,Pixel Art 1365
4166,Pixel Art 1366
4167,Pixel Art 1367
4168,Pixel Art 1368
4169,Pixel Art 1369
4170,Pixel Art 1370
4171,Pixel Art 1371
4172,Pixel Art 1372
4173,Pixel Art 1373
4174,Pixel Art 1374
4175,Pixel Art 1375
4176,Pixel Art 1376
4177,Pixel Art 1377
4178,Pixel Art 1378
4179,Pixel Art 1379
4180,Pixel Art 1380
4181,Pixel Art 1381
4182,Pixel Art 1382
4183,Pixel Art 1383
4184,Pixel Art 1384
4185,Pixel Art 1385
4186,Pixel Art 1386
4187,Pixel Art 1387
4188,Pixel Art 1388
4189,Pixel Art 1389
4190,Pixel Art 1390
4191,Pixel Art 1391
4192,Pixel Art 1392
4193,Pixel Art 1393
4194,Pixel Art 1394
4195,Pixel Art 1395
4196,Pixel Art 1396
4197,Pixel Art 1397
4198,Pixel Art 1398
4199,Pixel Art 1399
4200,Pixel Art 1400
4201,Pixel Art 1401
4202,Pixel Art 1402
4203,Pixel Art 1403
4204,Pixel Art 1404
4205,Pixel Art 1405
4206,Pixel Art 1406
4207,Pixel Art 1407
4208,Pixel Art 1408
4209,Pixel Art 1409
4210,Pixel Art 1410
4211,Pixel Art 1411
4212,Pixel Art 1412
4213,Pixel Art 1413
4214,Pixel Art 1414
4215,Pixel Art 1415
4216,Pixel Art 1416
4217,Pixel Art 1417
4218,Pixel Art 1418
4219,Pixel Art 1419
4220,Pixel Art 1420
4221,Pixel Art 1421
4222,Pixel Art 1422
4223,Pixel Art 1423
4224,Pixel Art 1424
4225,Pixel Art 1425
4226,Pixel Art 1426
4227,Pixel Art 1427
4228,Pixel Art 1428
4229,Pixel Art 1330
4230,Pixel Art 1430
4231,Pixel Art 1431
4232,Pixel Art 1432
4233,Pixel Art 1433
4234,Pixel Art 1434
4235,Pixel Art 1435
4236,Pixel Art 1436
4237,Pixel Art 1437
4238,Pixel Art 1438
4239,Pixel Art 1439
4240,Pixel Art 1440
4241,Pixel Art 1441
4242,Pixel Art 1442
4243,Pixel Art 1443
4244,Pixel Art 1444
4245,Pixel Art 1445
4246,Pixel Art 1446
4247,Pixel Art 1447
4248,Pixel Art 1448
4249,Pixel Art 1449
4250,Pixel Art 1450
4251,Pixel Art 1451
4252,Pixel Art 1452
4253,Pixel Art 1453
4254,Pixel Art 1454
4255,Pixel Art 1455
4256,Pixel Art 1456
4257,Pixel Art 1457
4258,Pixel Art 1458
4259,Pixel Art 1459
4260,Pixel Art 1460
4261,Pixel Art 1461
4262,Pixel Art 1462
4263,Pixel Art 1463
4264,Pixel Art 1464
4265,Pixel Art 1465
4266,Pixel Art 1466
4267,Pixel Art 1467
4268,Pixel Art 1468
4269,Pixel Art 1469
4270,Pixel Art 1470
4271,Pixel Art 1471
4272,Pixel Art 1472
4273,Pixel Art 1473
4274,Pixel Art 1474
4275,Pixel Art 1475
4276,Pixel Art 1476
4277,Pixel Art 1477
4278,Pixel Art 1478
4279,Pixel Art 1479
4280,Pixel Art 1480
4281,Pixel Art 1481
4282,Pixel Art 1482
4283,Pixel Art 1483
4284,Pixel Art 1484
4285,Pixel Art 1485
4286,Pixel Art 1486
4287,Pixel Art 1487
4288,Pixel Art 1488
4289,Pixel Art 1489
4290,Pixel Art 1490
4291,Pixel Art 1491
4292,Pixel Art 1492
4293,Pixel Art 1493
4294,Pixel Art 1494
4295,Pixel Art 1495
4296,Pixel Art 1496
4297,Pixel Art 1497
4298,Pixel Art 1498
4299,Pixel Art 1499
4300,Pixel Art 1500
4301,Pixel Art 1501
4302,Pixel Art 1502
4303,Pixel Art 1503
4304,Pixel Art 1504
4305,Pixel Art 1505
4306,Pixel Art 1506
4307,Pixel Art 1507
4308,Pixel Art 1508
4309,Pixel Art 1509
4310,Pixel Art 1510
4311,Pixel Art 1511
4312,Pixel Art 1512
4313,Pixel Art 1513
4314,Pixel Art 1139
4315,Pixel Art 1515
4316,Pixel Art 1516
4317,Pixel Art 1517
4318,Pixel Art 1518
4319,Pixel Art 1519
4320,Pixel Art 1520
4321,Pixel Art 1521
4322,Pixel Art 1522
4323,Pixel Art 1523
4324,Pixel Art 1524
4325,Pixel Art 1525
4326,Pixel Art 1526
4327,Pixel Art 1527
4328,Pixel Art 1528
4329,Pixel Art 1529
4330,Pixel Art 1530
4331,Pixel Art 1531
4332,Pixel Art 1532
4333,Pixel Art 1533
4334,Pixel Art 1534
4335,Pixel Art 1535
4336,Pixel Art 1536
4337,Pixel Art 1537
4338,Pixel Art 1538
4339,Pixel Art 1539
4340,Pixel Art 1540
4341,Pixel Art 1541
4342,Pixel Art 1542
4343,Pixel Art 1403
4344,Pixel Art 1544
4345,Pixel Art 1545
4346,Pixel Art 1546
4347,Pixel Art 1547
4348,Pixel Art 1548
4349,Pixel Art 1549
4350,Pixel Art 1550
4351,Pixel Art 1551
4352,Pixel Art 1552
4353,Pixel Art 1553
4354,Pixel Art 1554
4355,Pixel Art 1555
4356,Pixel Art 1556
4357,Pixel Art 1557
4358,Pixel Art 1558
4359,Pixel Art 1559
4360,Pixel Art 1560
4361,Pixel Art 1561
4362,Pixel Art 1562
4363,Pixel Art 1563
4364,Pixel Art 1564
4365,Pixel Art 1565
4366,Pixel Art 1566
4367,Pixel Art 1567
4368,Pixel Art 1568
4369,Pixel Art 1569
4370,Pixel Art 1570
4371,Pixel Art 1571
4372,Pixel Art 1572
4373,Pixel Art 1573
4374,Pixel Art 1574
4375,Pixel Art 1575
4376,Pixel Art 1576
4377,Pixel Art 1577
4378,Pixel Art 1578
4379,Pixel Art 1579
4380,Pixel Art 1580
4381,Pixel Art 1581
4382,Pixel Art 1582
4383,Pixel Art 1583
4384,Pixel Art 1584
4385,Pixel Art 1585
4401,Pixel Item 1
4402,Pixel Item 2
4403,Pixel Item 3
4404,Pixel Item 4
4405,Pixel Item 5
4406,Pixel Item 6
4407,Pixel Item 7
4408,Pixel Item 8
4409,Pixel Item 9
4410,Pixel Item 10
4411,Pixel Item 11
4412,Pixel Item 12
4413,Pixel Item 13
4414,Pixel Item 14
4415,Pixel Item 15
4416,Pixel Item 16
4417,Pixel Item 17
4418,Pixel Item 18
4419,Pixel Item 19
4420,Pixel Item 20
4421,Pixel Item 21
4422,Pixel Item 22
4423,Pixel Item 23
4424,Pixel Item 24
4425,Pixel Item 25
4426,Pixel Item 26
4427,Pixel Item 27
4428,Pixel Item 28
4429,Pixel Item 29
4430,Pixel Item 30
4431,Pixel Item 31
4432,Pixel Item 32
4433,Pixel Item 33
4434,Pixel Item 34
4435,Pixel Item 35
4436,Pixel Item 36
4437,Pixel Item 37
4438,Pixel Item 38
4439,Pixel Item 39
4440,Pixel Item 40
4441,Pixel Item 41
4442,Pixel Item 42
4443,Pixel Item 43
4444,Pixel Item 44
4445,Pixel Item 45
4446,Pixel Item 46
4447,Pixel Item 47
4448,Pixel Item 48
4449,Pixel Item 49
4450,Pixel Item 50
4451,Pixel Item 51
4452,Pixel Item 52
4453,Pixel Item 53
4454,Pixel Item 54
4455,Pixel Item 55
4456,Pixel Item 56
4457,Pixel Item 57
4458,Pixel Item 58
4459,Pixel Item 59
4460,Pixel Item 60
4461,Pixel Item 61
4462,Pixel Item 62
4463,Pixel Item 63
4464,Pixel Item 64
4465,Pixel Item 65
4466,Pixel Item 66
4467,Pixel Item 67
4468,Pixel Item 68
4469,Pixel Item 69
4470,Pixel Item 70
4471,Pixel Item 71
4472,Pixel Item 72
4473,Pixel Item 73
4474,Pixel Item 74
4475,Pixel Item 75
4476,Pixel Item 76
4477,Pixel Item 77
4478,Pixel Item 78
4479,Pixel Item 79
4480,Pixel Item 80
4481,Pixel Item 81
4482,Pixel Item 82
4483,Pixel Item 83
4484,Pixel Item 84
4485,Pixel Item 85
4486,Pixel Item 86
4487,Pixel Item 87
4488,Pixel Item 88
4489,Pixel Item 89
4490,Pixel Item 90
4491,Pixel Item 91
4492,Pixel Item 92
4493,Pixel Item 93
4494,Pixel Item 94
4495,Pixel Item 95
4496,Pixel Item 96
4497,Pixel Item 97
4498,Pixel Item 98
4499,Pixel Item 99
4500,Pixel Item 100
4501,Pixel Item 101
4502,Pixel Item 102
4503,Pixel Item 103
4504,Pixel Item 104
4505,Pixel Item 105
4506,Pixel Item 106
4507,Pixel Item 107
4508,Pixel Item 108
4509,Pixel Item 109
4510,Pixel Item 110
4511,Pixel Item 111
4512,Pixel Item 112
4513,Pixel Item 113
4514,Pixel Item 114
4515,Pixel Item 115
4516,Pixel Item 116
4517,Pixel Item 117
4518,Pixel Item 118
4519,Pixel Item 119
4520,Pixel Item 120
4521,Pixel Item 121
4522,Pixel Item 122
4523,Pixel Item 123
4524,Pixel Item 124
4525,Pixel Item 125
4526,Pixel Item 126
4527,Pixel Item 127
4528,Pixel Item 128
4529,Pixel Item 129
4530,Pixel Item 130
4531,Pixel Item 131
4532,Pixel Item 132
4533,Pixel Item 133
4534,Pixel Item 134
4535,Pixel Item 135
4536,Pixel Item 136
4537,Pixel Item 137
4538,Pixel Item 138
4539,Pixel Item 139
